Date,Time,Direction,Type,Occupancy,Weather,Area_Code
24-10-2023,10.35am,in,car,2,overcast,wm
24-10-2023,10.35am,in,car,1,overcast,wr
24-10-2023,10.35am,in,car,1,overcast,yk
24-10-2023,10.35am,in,car,1,overcast,wu
24-10-2023,10.35am,in,lorry,1,overcast,x5
24-10-2023,10.35am,in,car,1,overcast,du
24-10-2023,10.35am,in,car,1,overcast,d
24-10-2023,10.35am,in,bus,70%,overcast,yx
24-10-2023,10.35am,in,car,1,overcast,lk
24-10-2023,10.35am,in,car,1,overcast,rj
24-10-2023,10.35am,in,car,1,overcast,gu
24-10-2023,10.35am,in,car,1,overcast,wr
24-10-2023,10.35am,in,car,2,overcast,ku
24-10-2023,10.35am,in,car,1,overcast,kv
24-10-2023,10.35am,in,car,1,overcast,ak
24-10-2023,10.35am,in,car,1,overcast,ll
24-10-2023,10.35am,in,car,1,overcast,lt
24-10-2023,10.35am,in,bus,80%,overcast,yx
24-10-2023,10.35am,in,car,1,overcast,wn
24-10-2023,10.35am,in,car,1,overcast,ey
24-10-2023,10.35am,in,car,1,overcast,ls
24-10-2023,10.40am,in,car,1,overcast,wm
24-10-2023,10.40am,in,car,1,overcast,ta
24-10-2023,10.40am,in,car,2,overcast,av
24-10-2023,10.40am,in,car,2,overcast,vv
24-10-2023,10.40am,in,car,2,overcast,vo
24-10-2023,10.40am,in,car,3,overcast,gn
24-10-2023,10.40am,in,car,3,overcast,ld
24-10-2023,10.40am,in,car,2,overcast,wp
24-10-2023,10.40am,in,car,2,overcast,ap
24-10-2023,10.40am,in,car,3,overcast,rx
24-10-2023,10.40am,in,motorbike,1,overcast,wx
24-10-2023,10.40am,in,car,2,overcast,ov
24-10-2023,10.40am,in,car,2,overcast,nv
24-10-2023,10.40am,in,car,1,overcast,wo
24-10-2023,10.40am,in,car,1,overcast,gj
24-10-2023,10.40am,in,lorry,1,overcast,wr
24-10-2023,10.40am,in,lorry,1,overcast,wm
24-10-2023,10.40am,in,car,1,overcast,wn
24-10-2023,10.40am,in,lorry,1,overcast,wm
24-10-2023,10.40am,in,bus,100%,overcast,yx
24-10-2023,10.50am,in,lorry,1,overcast,wp
24-10-2023,10.50am,in,bus,50%,overcast,yx
24-10-2023,10.50am,in,car,2,overcast,wd
24-10-2023,10.50am,in,car,1,overcast,lo
24-10-2023,10.50am,in,car,1,overcast,hg
24-10-2023,10.50am,in,car,1,overcast,sn
24-10-2023,10.50am,in,car,1,overcast,yt
24-10-2023,10.50am,in,taxi,1,sunny,wo
24-10-2023,10.50am,in,bicycle,1,sunny,
24-10-2023,10.50am,in,car,1,sunny,wn
24-10-2023,10.50am,in,motorbike,1,sunny,wm
24-10-2023,10.50am,in,bus,50%,sunny,yt
24-10-2023,10.50am,in,car,1,sunny,gf
24-10-2023,10.50am,in,taxi,2,sunny,ys
24-10-2023,10.50am,in,car,1,sunny,wx
24-10-2023,10.50am,in,car,2,sunny,wn
24-10-2023,10.50am,in,car,1,sunny,lm
24-10-2023,10.50am,in,taxi,2,sunny,dp
24-10-2023,10.50am,in,car,2,sunny,lg
24-10-2023,10.50am,in,car,1,sunny,wv
24-10-2023,10.50am,in,car,2,sunny,ac
24-10-2023,10.50am,in,car,1,sunny,wm
24-10-2023,10.50am,in,car,2,sunny,yj
24-10-2023,10.50am,in,car,1,sunny,hn
24-10-2023,10.50am,in,car,1,sunny,dy
24-10-2023,10.50am,in,car,1,sunny,ab
24-10-2023,10.50am,in,taxi,1,sunny,hf
24-10-2023,10.50am,in,car,1,sunny,yp
24-10-2023,10.50am,in,car,1,sunny,wx
24-10-2023,10.50am,in,car,1,sunny,dc
24-10-2023,10.50am,in,car,2,sunny,gc
24-10-2023,10.50am,in,car,1,sunny,yo
24-10-2023,10.50am,in,car,1,sunny,gm
24-10-2023,10.50am,in,car,1,sunny,gd
24-10-2023,10.50am,in,car,2,sunny,hy
24-10-2023,10.50am,in,car,2,sunny,gj
24-10-2023,10.50am,in,car,2,sunny,wv
24-10-2023,10.50am,in,car,3,sunny,gk
24-10-2023,10.50am,in,car,3,sunny,wr
24-10-2023,10.50am,in,car,1,sunny,hd
24-10-2023,10.50am,in,car,1,sunny,bj
24-10-2023,10.50am,in,lorry,1,overcast,gf
24-10-2023,10.50am,in,car,1,overcast,gy
24-10-2023,10.50am,in,car,1,overcast,bj
24-10-2023,10.50am,in,car,1,overcast,aj
24-10-2023,10.50am,in,car,1,overcast,ek
24-10-2023,10.50am,in,car,1,overcast,sy
24-10-2023,10.50am,in,car,2,overcast,ly
24-10-2023,10.50am,in,car,1,overcast,rg
24-10-2023,10.50am,in,car,1,overcast,ly
24-10-2023,10.50am,in,lorry,1,overcast,hv
24-10-2023,10.50am,in,car,1,overcast,cr
24-10-2023,11.00am,in,bicycle,1,overcast,cr
24-10-2023,11.00am,in,bike,1,overcast,gl
24-10-2023,11.00am,in,car,2,overcast,ls
24-10-2023,11.00am,in,car,1,overcast,ly
24-10-2023,11.00am,in,car,2,overcast,np
24-10-2023,11.00am,in,bicycle,1,overcast,
24-10-2023,11.00am,in,bus,100%,overcast,yx
24-10-2023,11.00am,in,car,1,overcast,mw
24-10-2023,11.00am,in,car,1,overcast,aj
24-10-2023,11.00am,in,car,2,overcast,aj
24-10-2023,11.00am,in,lorry,2,overcast,wv
24-10-2023,11.00am,in,bus,100%,overcast,yt
24-10-2023,11.00am,in,car,1,overcast,pe
24-10-2023,11.00am,in,car,2,overcast,wr
24-10-2023,11.00am,in,car,1,overcast,wp
24-10-2023,11.00am,in,car,1,overcast,dg
24-10-2023,11.00am,in,car,1,overcast,fw
24-10-2023,11.00am,in,car,1,overcast,av
24-10-2023,11.00am,in,car,3,overcast,ov
24-10-2023,11.00am,in,car,2,overcast,wm
24-10-2023,11.00am,in,car,1,overcast,lo
24-10-2023,11.00am,in,car,2,overcast,ca
24-10-2023,11.00am,in,car,1,overcast,fa
24-10-2023,11.00am,in,car,2,overcast,av
24-10-2023,11.00am,in,car,1,overcast,wf
24-10-2023,11.00am,in,car,2,overcast,la
24-10-2023,11.00am,in,car,1,overcast,gn
24-10-2023,11.00am,in,car,1,overcast,sd
24-10-2023,11.00am,in,car,1,overcast,xf
24-10-2023,11.00am,in,car,1,overcast,gh
24-10-2023,11.00am,in,car,1,overcast,wn
24-10-2023,11.00am,in,car,2,overcast,gj
24-10-2023,11.00am,in,car,2,overcast,vn
24-10-2023,11.00am,in,bicycle,1,overcast,
24-10-2023,11.00am,in,car,3,overcast,kr
24-10-2023,11.00am,in,car,1,overcast,sb
24-10-2023,11.00am,in,car,1,overcast,wv
24-10-2023,11.00am,in,car,2,overcast,ym
24-10-2023,11.00am,in,car,1,overcast,wv
24-10-2023,11.00am,in,car,2,overcast,ct
24-10-2023,11.00am,in,car,2,overcast,yc
24-10-2023,11.00am,in,car,1,overcast,yt
24-10-2023,11.00am,in,car,1,overcast,bj
24-10-2023,11.05am,in,car,2,overcast,gk
24-10-2023,11.05am,in,car,2,overcast,wo
24-10-2023,11.05am,in,car,1,overcast,fe
24-10-2023,11.05am,in,lorry,2,overcast,ye
24-10-2023,11.05am,in,car,2,overcast,eo
24-10-2023,11.05am,in,car,2,overcast,fh
24-10-2023,11.05am,in,car,3,overcast,wn
24-10-2023,11.05am,in,car,1,overcast,yn
24-10-2023,11.05am,in,car,2,overcast,yc
24-10-2023,11.05am,in,bus,100%,overcast,yx
24-10-2023,11.05am,in,bus,50%,overcast,yx
24-10-2023,11.05am,in,car,1,overcast,po
26-10-2023,9.00am,in,bicycle,1,sunny,
26-10-2023,9.00am,in,car,2,sunny,fv
26-10-2023,9.00am,in,car,1,sunny,kn
26-10-2023,9.00am,in,car,2,sunny,ae
26-10-2023,9.00am,in,car,1,sunny,fb
26-10-2023,9.00am,in,car,1,sunny,yf
26-10-2023,9.00am,in,car,2,sunny,df
26-10-2023,9.00am,in,car,1,sunny,gu
26-10-2023,9.00am,in,car,2,sunny,lt
26-10-2023,9.00am,in,car,1,sunny,rk
26-10-2023,9.00am,in,car,5,sunny,bg
26-10-2023,9.00am,in,car,2,sunny,gb
26-10-2023,9.00am,in,car,4,sunny,wp
26-10-2023,9.00am,in,car,1,sunny,ak
26-10-2023,9.00am,in,car,1,sunny,yt
26-10-2023,9.00am,in,car,1,sunny,hg
26-10-2023,9.00am,in,bicycle,1,sunny,
26-10-2023,9.00am,in,bicycle,1,sunny,
26-10-2023,9.00am,in,bus,100%,sunny,yx
26-10-2023,9.00am,in,car,1,sunny,sv
26-10-2023,9.00am,in,car,1,sunny,sc
26-10-2023,9.00am,in,car,1,sunny,wx
26-10-2023,9.00am,in,car,1,sunny,cv
26-10-2023,9.00am,in,car,1,sunny,mw
26-10-2023,9.00am,in,car,1,sunny,yn
26-10-2023,9.00am,in,car,2,sunny,sf
26-10-2023,9.00am,in,car,1,sunny,fp
26-10-2023,9.00am,in,car,1,sunny,wp
26-10-2023,9.00am,in,car,1,sunny,vo
26-10-2023,9.00am,in,car,2,sunny,fg
26-10-2023,9.00am,in,car,4,sunny,gy
26-10-2023,9.00am,in,car,4,sunny,mc
26-10-2023,9.00am,in,car,1,sunny,vo
26-10-2023,9.00am,in,car,1,sunny,pe
26-10-2023,9.00am,in,car,1,sunny,lm
26-10-2023,9.00am,in,motorbike,1,sunny,du
26-10-2023,9.00am,in,car,1,sunny,gv
26-10-2023,9.00am,in,car,2,sunny,nx
26-10-2023,9.00am,in,car,1,sunny,oy
26-10-2023,9.00am,in,bicycle,1,sunny,
26-10-2023,9.00am,in,car,1,sunny,yg
26-10-2023,9.00am,in,car,2,sunny,t
26-10-2023,9.00am,in,car,1,sunny,vf
26-10-2023,9.00am,in,bicycle,1,sunny,
26-10-2023,9.00am,in,bicycle,1,sunny,
26-10-2023,9.00am,in,car,1,sunny,wn
26-10-2023,9.00am,in,car,5,sunny,ca
26-10-2023,9.00am,in,car,1,sunny,lc
26-10-2023,9.00am,in,car,1,sunny,wm
26-10-2023,9.00am,in,car,1,sunny,sm
26-10-2023,9.00am,in,car,1,sunny,bx
26-10-2023,9.00am,in,car,2,sunny,pn
26-10-2023,9.05am,in,car,2,sunny,vo
26-10-2023,9.05am,in,car,2,sunny,wn
26-10-2023,9.05am,in,car,1,sunny,yn
26-10-2023,9.05am,in,car,2,sunny,hg
26-10-2023,9.05am,in,car,1,sunny,wp
26-10-2023,9.05am,in,bicycle,1,sunny,
26-10-2023,9.05am,in,car,1,sunny,yf
26-10-2023,9.05am,in,car,1,sunny,mg
26-10-2023,9.05am,in,car,1,sunny,bl
26-10-2023,9.05am,in,bicycle,1,sunny,
26-10-2023,9.05am,in,motorbike,1,sunny,lc
26-10-2023,9.05am,in,car,4,sunny,bk
26-10-2023,9.05am,in,car,2,sunny,km
26-10-2023,9.05am,in,car,2,sunny,gh
26-10-2023,9.05am,in,car,2,sunny,kp
26-10-2023,9.05am,in,car,1,sunny,bv
26-10-2023,9.05am,in,bus,100%,sunny,yx
26-10-2023,9.05am,in,car,1,sunny,nv
26-10-2023,9.05am,in,car,4,sunny,yz
26-10-2023,9.05am,in,car,1,sunny,wx
26-10-2023,9.05am,in,motorbike,1,sunny,wn
26-10-2023,9.05am,in,bus,1%,sunny,yt
26-10-2023,9.05am,in,car,1,sunny,wu
26-10-2023,9.05am,in,lorry,1,sunny,ba
26-10-2023,9.05am,in,car,1,sunny,ro
26-10-2023,9.05am,in,car,1,sunny,ln
26-10-2023,9.05am,in,car,1,sunny,ng
26-10-2023,9.05am,in,car,2,sunny,vn
26-10-2023,9.05am,in,car,1,sunny,yf
26-10-2023,9.05am,in,bicycle,1,sunny,
26-10-2023,9.05am,in,car,1,sunny,ej
26-10-2023,9.05am,in,car,1,sunny,mf
26-10-2023,9.05am,in,bicycle,1,sunny,
26-10-2023,9.05am,in,car,1,sunny,gx
26-10-2023,9.05am,in,car,2,sunny,gu
26-10-2023,9.05am,in,car,3,sunny,gl
26-10-2023,9.05am,in,car,4,sunny,ks
26-10-2023,9.05am,in,bus,100%,sunny,yx
26-10-2023,9.05am,in,car,1,sunny,gn
26-10-2023,9.05am,in,car,1,sunny,fv
26-10-2023,9.05am,in,bicycle,1,sunny,
26-10-2023,9.10am,in,car,3,sunny,bp
26-10-2023,9.10am,in,car,1,sunny,wc
26-10-2023,9.10am,in,car,1,sunny,wr
26-10-2023,9.10am,in,car,1,sunny,sw
26-10-2023,9.10am,in,car,5,sunny,kw
26-10-2023,9.10am,in,car,3,sunny,kp
26-10-2023,9.10am,in,car,1,sunny,wf
26-10-2023,9.10am,in,bicycle,1,sunny,
26-10-2023,9.10am,in,bus,100%,sunny,yx
26-10-2023,9.10am,in,car,1,sunny,wm
26-10-2023,9.10am,in,car,1,sunny,dy
26-10-2023,9.10am,in,car,2,sunny,wn
26-10-2023,9.10am,in,car,2,sunny,wm
26-10-2023,9.10am,in,car,1,sunny,ej
26-10-2023,9.10am,in,car,1,sunny,ks
26-10-2023,9.10am,in,taxi,2,sunny,lr
26-10-2023,9.10am,in,car,1,sunny,rk
26-10-2023,9.10am,in,bicycle,1,sunny,
26-10-2023,9.10am,in,car,1,sunny,fy
26-10-2023,9.10am,in,car,1,sunny,t
26-10-2023,9.10am,in,car,1,sunny,ca
26-10-2023,9.10am,in,car,1,sunny,p
26-10-2023,9.10am,in,car,1,sunny,bl
26-10-2023,9.10am,in,car,1,sunny,wr
26-10-2023,9.10am,in,bicycle,1,sunny,
26-10-2023,9.10am,in,bicycle,1,sunny,
26-10-2023,9.10am,in,car,1,sunny,wn
26-10-2023,9.10am,in,car,1,sunny,wp
26-10-2023,9.10am,in,car,4,sunny,wx
26-10-2023,9.10am,in,car,1,sunny,av
26-10-2023,9.10am,in,car,1,sunny,wp
26-10-2023,9.10am,in,car,1,sunny,cj
26-10-2023,9.10am,in,car,1,sunny,lo
26-10-2023,9.10am,in,car,2,sunny,ld
26-10-2023,9.10am,in,taxi,3,sunny,ce
26-10-2023,9.10am,in,car,1,sunny,sy
26-10-2023,9.10am,in,car,2,sunny,wu
26-10-2023,9.10am,in,car,3,sunny,yy
26-10-2023,9.10am,in,taxi,1,sunny,mf
26-10-2023,9.10am,in,bicycle,1,sunny,
26-10-2023,9.15am,in,bus,100%,sunny,yx
26-10-2023,9.15am,in,car,1,sunny,wt
26-10-2023,9.15am,in,car,1,sunny,vu
26-10-2023,9.15am,in,car,1,sunny,hk
26-10-2023,9.15am,in,car,1,sunny,lb
26-10-2023,9.15am,in,bus,100%,sunny,yn
26-10-2023,9.15am,in,car,1,sunny,kt
26-10-2023,9.15am,in,car,1,sunny,wo
26-10-2023,9.15am,in,bus,100%,sunny,yt
26-10-2023,9.15am,in,bicycle,1,sunny,
26-10-2023,9.15am,in,motorbike,1,sunny,wn
26-10-2023,9.15am,in,car,1,sunny,wu
26-10-2023,9.15am,in,bus,100%,sunny,yx
26-10-2023,9.15am,in,car,2,sunny,kw
26-10-2023,9.15am,in,car,1,sunny,wn
26-10-2023,9.15am,in,car,1,sunny,hv
26-10-2023,9.15am,in,lorry,1,sunny,wr
26-10-2023,9.15am,in,car,1,sunny,rv
26-10-2023,9.15am,in,car,2,sunny,lr
26-10-2023,9.15am,in,car,2,sunny,wn
26-10-2023,9.15am,in,car,1,sunny,hv
26-10-2023,9.15am,in,car,1,sunny,na
26-10-2023,9.15am,in,car,1,sunny,bn
26-10-2023,9.15am,in,bus,100%,sunny,yx
26-10-2023,9.15am,in,car,1,sunny,cv
26-10-2023,9.15am,in,car,2,sunny,rk
26-10-2023,9.15am,in,car,1,sunny,sg
26-10-2023,9.15am,in,car,1,sunny,dy
26-10-2023,9.20am,in,car,1,sunny,da
26-10-2023,9.20am,in,car,1,sunny,orz
26-10-2023,9.20am,in,car,1,sunny,lt
26-10-2023,9.20am,in,car,1,sunny,rf
26-10-2023,9.20am,in,car,1,sunny,wj
26-10-2023,9.20am,in,car,1,sunny,fn
26-10-2023,9.20am,in,bus,90%,sunny,yx
26-10-2023,9.20am,in,motorbike,1,sunny,fe
26-10-2023,9.20am,in,car,3,sunny,wm
26-10-2023,9.20am,in,car,5,sunny,ln
26-10-2023,9.20am,in,car,1,sunny,vn
26-10-2023,9.20am,in,car,1,sunny,wn
26-10-2023,9.20am,in,car,2,sunny,wr
26-10-2023,9.20am,in,bus,70%,sunny,yx
26-10-2023,9.20am,in,car,1,sunny,hk
26-10-2023,9.20am,in,car,1,sunny,wj
26-10-2023,9.20am,in,car,3,sunny,ve
26-10-2023,9.20am,in,car,3,sunny,wg
26-10-2023,9.20am,in,car,1,sunny,bn
26-10-2023,9.20am,in,car,3,sunny,dv
26-10-2023,9.20am,in,car,1,sunny,ow
26-10-2023,9.20am,in,car,1,sunny,lg
26-10-2023,9.20am,in,bus,50%,sunny,yx
26-10-2023,9.20am,in,car,2,sunny,af
26-10-2023,9.20am,in,car,1,sunny,sk
26-10-2023,9.20am,in,car,1,sunny,wr
26-10-2023,9.20am,in,car,2,sunny,wn
26-10-2023,9.20am,in,car,1,sunny,so
26-10-2023,9.20am,in,car,1,sunny,ye
26-10-2023,9.20am,in,bicycle,1,sunny,
26-10-2023,9.20am,in,bus,80%,sunny,yx
26-10-2023,9.20am,in,car,1,sunny,wp
26-10-2023,9.20am,in,car,1,sunny,ny
26-10-2023,9.20am,in,car,2,sunny,ak
26-10-2023,9.20am,in,car,3,sunny,wg
26-10-2023,9.20am,in,car,1,sunny,hj
26-10-2023,9.25am,in,bus,50%,sunny,yx
26-10-2023,9.25am,in,car,1,sunny,sn
26-10-2023,9.25am,in,car,1,sunny,ls
26-10-2023,9.25am,in,car,1,sunny,wp
26-10-2023,9.25am,in,lorry,1,sunny,po
26-10-2023,9.25am,in,taxi,1,sunny,yg
26-10-2023,9.25am,in,car,3,sunny,yd
26-10-2023,9.25am,in,car,1,sunny,wt
26-10-2023,9.25am,in,car,1,sunny,wn
26-10-2023,9.30am,in,car,1,sunny,wm
26-10-2023,9.30am,in,car,2,sunny,wn
26-10-2023,9.30am,in,car,1,sunny,lp
26-10-2023,9.30am,in,car,1,sunny,gk
26-10-2023,9.30am,in,car,1,sunny,wg
26-10-2023,9.30am,in,taxi,2,sunny,yh
26-10-2023,9.30am,in,car,2,sunny,hv
26-10-2023,9.30am,in,bus,60%,sunny,yx
26-10-2023,9.30am,in,car,2,sunny,ct
26-10-2023,9.30am,in,car,1,sunny,wv
26-10-2023,9.30am,in,car,1,sunny,dy
26-10-2023,9.30am,in,car,1,sunny,kd
26-10-2023,9.30am,in,car,1,sunny,ra
26-10-2023,9.30am,in,car,1,sunny,wn
26-10-2023,9.30am,in,car,1,sunny,ae
26-10-2023,9.30am,in,car,1,sunny,gk
26-10-2023,9.30am,in,bus,60%,sunny,yx
26-10-2023,9.30am,in,car,2,sunny,mj
26-10-2023,9.30am,in,car,1,sunny,yj
26-10-2023,9.30am,in,car,1,sunny,fp
26-10-2023,9.30am,in,car,1,sunny,wu
26-10-2023,9.30am,in,car,1,sunny,bk
26-10-2023,9.30am,in,bus,70%,sunny,yx
26-10-2023,9.30am,in,lorry,1,sunny,wr
26-10-2023,9.30am,in,car,1,sunny,fx
26-10-2023,9.30am,in,car,1,sunny,rs
26-10-2023,9.30am,in,car,1,sunny,fg
26-10-2023,9.30am,in,car,1,sunny,yd
26-10-2023,9.30am,in,car,1,sunny,sk
